[
  {
    "name": "睦生",
    "userid": "mutsuki",
    "password": "0116",
    "relation": "弟"
  },
  {
    "name": "真由美",
    "userid": "mayumi",
    "password": "0115",
    "relation": "母"
  },
  {
    "name": "正生",
    "userid": "masao",
    "password": "0912",
    "relation": "父"
  },
  {
    "name": "優生",
    "userid": "yuuki",
    "password": "0630",
    "relation": "兄"
  },
  {
    "name": "管理者",
    "userid": "admin",
    "password": "1234",
    "relation": "管理者",
    "isAdmin": true
  }
]